level	page_num	block_num	par_num	line_num	word_num	left	top	width	height	conf	text
1	1	0	0	0	0	0	0	1275	1650	-1	
2	1	1	0	0	0	165	49	304	14	-1	
3	1	1	1	0	0	165	49	304	14	-1	
4	1	1	1	1	0	165	49	304	14	-1	
5	1	1	1	1	1	165	49	113	14	96.069229	CONSUMER
5	1	1	1	1	2	283	49	99	14	96.120316	ACCOUNT
5	1	1	1	1	3	389	49	80	14	96.377350	DETAILS
2	1	2	0	0	0	165	150	949	13	-1	
3	1	2	1	0	0	165	150	949	13	-1	
4	1	2	1	1	0	165	150	949	13	-1	
5	1	2	1	1	1	165	150	949	13	95.000000	 
2	1	3	0	0	0	424	156	5	217	-1	
3	1	3	1	0	0	424	156	5	217	-1	
4	1	3	1	1	0	424	156	5	217	-1	
5	1	3	1	1	1	424	156	5	217	95.000000	 
2	1	4	0	0	0	849	156	5	217	-1	
3	1	4	1	0	0	849	156	5	217	-1	
4	1	4	1	1	0	849	156	5	217	-1	
5	1	4	1	1	1	849	156	5	217	95.000000	 
2	1	5	0	0	0	165	365	949	14	-1	
3	1	5	1	0	0	165	365	949	14	-1	
4	1	5	1	1	0	165	365	949	14	-1	
5	1	5	1	1	1	165	365	949	14	95.000000	 
2	1	6	0	0	0	165	404	949	13	-1	
3	1	6	1	0	0	165	404	949	13	-1	
4	1	6	1	1	0	165	404	949	13	-1	
5	1	6	1	1	1	165	404	949	13	95.000000	 
2	1	7	0	0	0	169	520	941	13	-1	
3	1	7	1	0	0	169	520	941	13	-1	
4	1	7	1	1	0	169	520	941	13	-1	
5	1	7	1	1	1	169	520	941	13	95.000000	 
2	1	8	0	0	0	168	587	915	13	-1	
3	1	8	1	0	0	168	587	915	13	-1	
4	1	8	1	1	0	168	587	915	13	-1	
5	1	8	1	1	1	168	587	915	13	95.000000	 
2	1	9	0	0	0	165	811	949	14	-1	
3	1	9	1	0	0	165	811	949	14	-1	
4	1	9	1	1	0	165	811	949	14	-1	
5	1	9	1	1	1	165	811	949	14	95.000000	 
2	1	10	0	0	0	165	849	949	13	-1	
3	1	10	1	0	0	165	849	949	13	-1	
4	1	10	1	1	0	165	849	949	13	-1	
5	1	10	1	1	1	165	849	949	13	95.000000	 
2	1	11	0	0	0	169	927	941	13	-1	
3	1	11	1	0	0	169	927	941	13	-1	
4	1	11	1	1	0	169	927	941	13	-1	
5	1	11	1	1	1	169	927	941	13	95.000000	 
2	1	12	0	0	0	168	995	915	13	-1	
3	1	12	1	0	0	168	995	915	13	-1	
4	1	12	1	1	0	168	995	915	13	-1	
5	1	12	1	1	1	168	995	915	13	95.000000	 
2	1	13	0	0	0	165	1248	949	14	-1	
3	1	13	1	0	0	165	1248	949	14	-1	
4	1	13	1	1	0	165	1248	949	14	-1	
5	1	13	1	1	1	165	1248	949	14	95.000000	 
2	1	14	0	0	0	165	1286	949	13	-1	
3	1	14	1	0	0	165	1286	949	13	-1	
4	1	14	1	1	0	165	1286	949	13	-1	
5	1	14	1	1	1	165	1286	949	13	95.000000	 
2	1	15	0	0	0	169	1403	941	13	-1	
3	1	15	1	0	0	169	1403	941	13	-1	
4	1	15	1	1	0	169	1403	941	13	-1	
5	1	15	1	1	1	169	1403	941	13	95.000000	 
2	1	16	0	0	0	165	1508	949	13	-1	
3	1	16	1	0	0	165	1508	949	13	-1	
4	1	16	1	1	0	165	1508	949	13	-1	
5	1	16	1	1	1	165	1508	949	13	95.000000	 
2	1	17	0	0	0	165	93	912	1369	-1	
3	1	17	1	0	0	165	93	92	11	-1	
4	1	17	1	1	0	165	93	92	11	-1	
5	1	17	1	1	1	165	93	10	11	92.744339	1,
5	1	17	1	1	2	180	93	77	11	95.837448	ACCOUNT
3	1	17	2	0	0	165	115	949	465	-1	
4	1	17	2	1	0	178	115	899	43	-1	
5	1	17	2	1	1	178	134	145	8	74.208405	ACCOUNTINFORMATION
5	1	17	2	1	2	331	130	11	21	22.193756	—
5	1	17	2	1	3	348	130	24	21	22.193756	DATE
5	1	17	2	1	4	377	136	39	7	90.413002	OPENED
5	1	17	2	1	5	422	130	6	21	62.515675	:
5	1	17	2	1	6	430	134	67	10	78.999878	15/07/2024
5	1	17	2	1	7	516	134	2	10	83.439178	|
5	1	17	2	1	8	529	136	25	7	0.000000	DATE
5	1	17	2	1	9	558	136	40	7	0.000000	CLOSED
5	1	17	2	1	10	611	134	67	10	89.046867	:19/07/2025
5	1	17	2	1	11	698	134	1	10	79.888649	|
5	1	17	2	1	12	710	136	25	7	83.998627	DATE
5	1	17	2	1	13	739	136	120	7	83.998627	REPORTED
5	1	17	2	1	14	795	130	4	21	54.651871	6
5	1	17	2	1	15	805	136	54	7	93.268181	CERTIFIED
5	1	17	2	1	16	863	130	6	21	90.806847	:
5	1	17	2	1	17	872	134	67	10	76.692268	15/08/2025
5	1	17	2	1	18	1018	115	59	43	0.000000	inactive
4	1	17	2	2	0	165	568	94	12	-1	
5	1	17	2	2	1	165	568	12	12	79.969696	2.
5	1	17	2	2	2	182	568	77	12	95.679695	ACCOUNT
3	1	17	3	0	0	165	742	184	245	-1	
4	1	17	3	1	0	174	742	175	22	-1	
5	1	17	3	1	1	174	742	56	22	49.965363	‘ACCOUNT
5	1	17	3	1	2	269	749	21	9	94.069992	Not
5	1	17	3	1	3	295	748	54	10	95.749832	Disclosed
4	1	17	3	2	0	165	975	94	12	-1	
5	1	17	3	2	1	165	976	12	11	80.669815	3.
5	1	17	3	2	2	182	975	77	12	95.939476	ACCOUNT
3	1	17	4	0	0	165	997	949	465	-1	
4	1	17	4	1	0	178	997	899	44	-1	
5	1	17	4	1	1	178	1017	145	8	68.645630	ACCOUNTINFORMATION
5	1	17	4	1	2	331	1012	10	22	71.850967	—
5	1	17	4	1	3	348	1019	24	7	89.200600	DATE
5	1	17	4	1	4	379	1019	37	7	89.200600	OPENED
5	1	17	4	1	5	423	1012	6	22	28.943954	-
5	1	17	4	1	6	430	1017	66	9	58.961071	09/12/2019
5	1	17	4	1	7	516	1017	2	10	49.533611	|
5	1	17	4	1	8	529	1018	69	8	49.533611	DATECLOSED
5	1	17	4	1	9	603	1012	6	22	83.559212	:
5	1	17	4	1	10	611	1017	66	9	81.982323	21/01/2020
5	1	17	4	1	11	698	1017	1	10	55.503670	|
5	1	17	4	1	12	711	1019	24	7	82.155930	DATE
5	1	17	4	1	13	739	1018	120	8	95.740662	REPORTED
5	1	17	4	1	14	797	1012	4	22	60.378120	©
5	1	17	4	1	15	808	1018	50	8	93.148796	CERTIFIED
5	1	17	4	1	16	863	1012	6	22	83.326775	:
5	1	17	4	1	17	872	1017	65	9	96.808296	21/01/2020
5	1	17	4	1	18	1018	997	59	44	0.000000	inactive
4	1	17	4	2	0	165	1451	95	11	-1	
5	1	17	4	2	1	165	1451	12	11	73.207489	4.
5	1	17	4	2	2	182	1451	78	11	96.228424	ACCOUNT
2	1	18	0	0	0	155	121	21	1490	-1	
3	1	18	1	0	0	155	121	21	1490	-1	
4	1	18	1	1	0	155	121	21	1490	-1	
5	1	18	1	1	1	155	121	21	1490	95.000000	 
2	1	19	0	0	0	440	1578	44	7	-1	
3	1	19	1	0	0	440	1578	44	7	-1	
4	1	19	1	1	0	440	1578	44	7	-1	
5	1	19	1	1	1	440	1578	44	7	75.570610	AMOUNT
2	1	20	0	0	0	646	1578	25	7	-1	
3	1	20	1	0	0	646	1578	25	7	-1	
4	1	20	1	1	0	646	1578	25	7	-1	
5	1	20	1	1	1	646	1578	25	7	93.334915	RATE
2	1	21	0	0	0	1103	149	21	1462	-1	
3	1	21	1	0	0	1103	149	21	1462	-1	
4	1	21	1	1	0	1103	149	21	1462	-1	
5	1	21	1	1	1	1103	149	21	1462	95.000000	 
